title,price
Deadpool,3
Deadpool 2,3
Deadpool: Paws,0
Once Upon a Deadpool,1
Deadpool 2 Plus Super Duper Cut (Unrated),9
Deadpool Kills the Marvel Universe,24
Deadpool (2022-) #3,26
Deadpool: 2-Movie Collection,16
Deadpool (2022-) #6,19
Deadpool Kills The Marvel Universe Again (Deadpool Kills The Marvel Universe Again (2017)),14
"Deadpool: Samurai, Vol. 1 (1)",6
Deadpool (2022-) #4,3
Deadpool 1+2 2-Pack [4K UHD],25
"Deadpool: Samurai, Vol. 2 (2)",3
Deadpool (2022-) #5,7
Marvel's Deadpool The First 30 Years,6
